<keymap version="1" name="Emacs copy" parent="Emacs">
  <action id="$Copy">
    <keyboard-shortcut first-keystroke="ctrl insert" />
    <keyboard-shortcut first-keystroke="alt c" />
  </action>
  <action id="$Paste">
    <keyboard-shortcut first-keystroke="shift insert" />
  </action>
  <action id="$Redo">
    <keyboard-shortcut first-keystroke="shift ctrl z" />
    <keyboard-shortcut first-keystroke="shift alt minus" />
    <keyboard-shortcut first-keystroke="ctrl r" />
  </action>
  <action id="AceAction">
    <keyboard-shortcut first-keystroke="ctrl space" />
  </action>
  <action id="ActivateTerminalToolWindow">
    <keyboard-shortcut first-keystroke="alt f12" />
    <keyboard-shortcut first-keystroke="ctrl x" second-keystroke="t" />
  </action>
  <action id="ActivateVersionControlToolWindow">
    <keyboard-shortcut first-keystroke="alt 9" />
    <keyboard-shortcut first-keystroke="ctrl x" second-keystroke="g" />
    <keyboard-shortcut first-keystroke="ctrl g" second-keystroke="l" />
  </action>
  <action id="ChangesView.SetDefault" />
  <action id="CheckinProject">
    <keyboard-shortcut first-keystroke="ctrl g" second-keystroke="c" />
  </action>
  <action id="Compare.SameVersion">
    <keyboard-shortcut first-keystroke="ctrl alt d" />
  </action>
  <action id="Console.TableResult.ColumnVisibility" />
  <action id="Console.TableResult.NavigateForeignAction">
    <keyboard-shortcut first-keystroke="ctrl alt g" />
    <keyboard-shortcut first-keystroke="alt period" />
    <mouse-shortcut keystroke="control button1" />
  </action>
  <action id="Debug">
    <keyboard-shortcut first-keystroke="ctrl x" second-keystroke="d" />
  </action>
  <action id="Diff.NextChange">
    <keyboard-shortcut first-keystroke="alt right" />
    <keyboard-shortcut first-keystroke="ctrl x" second-keystroke="n" />
    <keyboard-shortcut first-keystroke="alt l" />
  </action>
  <action id="Diff.PrevChange">
    <keyboard-shortcut first-keystroke="alt left" />
    <keyboard-shortcut first-keystroke="ctrl x" second-keystroke="p" />
    <keyboard-shortcut first-keystroke="alt h" />
  </action>
  <action id="Editor Redo">
    <keyboard-shortcut first-keystroke="ctrl r" />
  </action>
  <action id="EditorCutLineEnd" />
  <action id="EditorDeleteToWordStart">
    <keyboard-shortcut first-keystroke="ctrl back_space" />
    <keyboard-shortcut first-keystroke="alt back_space" />
  </action>
  <action id="EditorEscape">
    <keyboard-shortcut first-keystroke="escape" />
  </action>
  <action id="EditorNextWord">
    <keyboard-shortcut first-keystroke="ctrl right" />
    <keyboard-shortcut first-keystroke="alt f" />
  </action>
  <action id="EditorPreviousWord">
    <keyboard-shortcut first-keystroke="ctrl left" />
    <keyboard-shortcut first-keystroke="alt b" />
  </action>
  <action id="EditorTextStart">
    <keyboard-shortcut first-keystroke="ctrl home" />
    <keyboard-shortcut first-keystroke="shift alt comma" />
  </action>
  <action id="EditorToggleStickySelection">
    <keyboard-shortcut first-keystroke="shift ctrl 2" />
  </action>
  <action id="Find">
    <keyboard-shortcut first-keystroke="ctrl alt s" />
    <keyboard-shortcut first-keystroke="alt f3" />
    <keyboard-shortcut first-keystroke="ctrl s" />
    <keyboard-shortcut first-keystroke="ctrl x" second-keystroke="f" />
  </action>
  <action id="FindPrevious">
    <keyboard-shortcut first-keystroke="shift f3" />
    <keyboard-shortcut first-keystroke="alt r" />
  </action>
  <action id="FocusEditor" />
  <action id="Git.Branches">
    <keyboard-shortcut first-keystroke="shift ctrl back_quote" />
    <keyboard-shortcut first-keystroke="ctrl g" second-keystroke="b" />
  </action>
  <action id="Git.Fetch">
    <keyboard-shortcut first-keystroke="ctrl g" second-keystroke="f" />
  </action>
  <action id="Git.Menu">
    <keyboard-shortcut first-keystroke="ctrl g" second-keystroke="ctrl g" />
  </action>
  <action id="Git.Merge">
    <keyboard-shortcut first-keystroke="ctrl g" second-keystroke="m" />
  </action>
  <action id="Git.Pull">
    <keyboard-shortcut first-keystroke="ctrl g" second-keystroke="p" />
  </action>
  <action id="Git.Stash">
    <keyboard-shortcut first-keystroke="ctrl g" second-keystroke="shift z" />
  </action>
  <action id="Git.Unstash">
    <keyboard-shortcut first-keystroke="ctrl g" second-keystroke="z" />
  </action>
  <action id="GotoAction">
    <keyboard-shortcut first-keystroke="alt x" />
  </action>
  <action id="GotoDeclaration">
    <keyboard-shortcut first-keystroke="ctrl alt g" />
    <keyboard-shortcut first-keystroke="alt period" />
    <mouse-shortcut keystroke="control button1" />
    <keyboard-shortcut first-keystroke="f12" />
  </action>
  <action id="HideActiveWindow">
    <keyboard-shortcut first-keystroke="shift escape" />
    <keyboard-shortcut first-keystroke="ctrl x" second-keystroke="ctrl d" />
  </action>
  <action id="HideAllWindows" />
  <action id="Jdbc.OpenEditor.DDL">
    <keyboard-shortcut first-keystroke="ctrl alt g" />
    <keyboard-shortcut first-keystroke="alt period" />
    <mouse-shortcut keystroke="control button1" />
  </action>
  <action id="JumpToLastWindow" />
  <action id="List-selectFirstRow">
    <keyboard-shortcut first-keystroke="ctrl home" />
    <keyboard-shortcut first-keystroke="shift alt comma" />
  </action>
  <action id="MoveEditorToOppositeTabGroup">
    <keyboard-shortcut first-keystroke="ctrl x" second-keystroke="ctrl o" />
  </action>
  <action id="NavBar-cancel">
    <keyboard-shortcut first-keystroke="escape" />
  </action>
  <action id="NextDiff">
    <keyboard-shortcut first-keystroke="f7" />
    <keyboard-shortcut first-keystroke="alt j" />
  </action>
  <action id="NextProjectWindow" />
  <action id="PopupMenu-cancel">
    <keyboard-shortcut first-keystroke="escape" />
  </action>
  <action id="PreviousDiff">
    <keyboard-shortcut first-keystroke="shift f7" />
    <keyboard-shortcut first-keystroke="alt k" />
  </action>
  <action id="ReSharperGotoImplementation">
    <keyboard-shortcut first-keystroke="shift ctrl f12" />
  </action>
  <action id="RiderUnitTestRunContextTwAction">
    <keyboard-shortcut first-keystroke="shift enter" />
  </action>
  <action id="SynchronizeCurrentFile">
    <keyboard-shortcut first-keystroke="alt u" />
  </action>
  <action id="Terminal.SwitchFocusToEditor" />
  <action id="Unsplit">
    <keyboard-shortcut first-keystroke="ctrl x" second-keystroke="1" />
  </action>
  <action id="UnsplitAll" />
  <action id="Vcs.Diff.ExcludeChangedLinesFromCommit">
    <keyboard-shortcut first-keystroke="alt a" />
  </action>
  <action id="Vcs.Push">
    <keyboard-shortcut first-keystroke="shift ctrl k" />
    <keyboard-shortcut first-keystroke="ctrl g" second-keystroke="shift p" />
  </action>
  <action id="VcsShowNextChangeMarker">
    <keyboard-shortcut first-keystroke="shift ctrl alt down" />
    <keyboard-shortcut first-keystroke="alt j" />
  </action>
  <action id="VcsShowPrevChangeMarker">
    <keyboard-shortcut first-keystroke="shift ctrl alt up" />
    <keyboard-shortcut first-keystroke="alt k" />
  </action>
</keymap>