<application>
  <component name="GeneralSettings">
    <option name="confirmExit" value="false" />
    <option name="defaultProjectDirectory" value="C:\ClashOfStreamers\idlegame\IdleGame" />
    <option name="processCloseConfirmation" value="DISCONNECT" />
    <option name="showTipsOnStartup" value="false" />
  </component>
  <component name="Registry">
    <entry key="ide.require.transaction.for.model.changes" value="false" />
    <entry key="search.everywhere.pattern.checking" value="false" />
    <entry key="ide.tooltip.initialDelay" value="0" />
    <entry key="ide.tooltip.initialDelay.highlighter" value="0" />
    <entry key="search.everywhere.settings" value="true" />
    <entry key="win.editor.thumb.default.alpha.base" value="0" />
    <entry key="win.editor.thumb.default.alpha.delta" value="102" />
    <entry key="win.editor.thumb.darcula.alpha.base" value="0" />
    <entry key="win.editor.thumb.darcula.alpha.delta" value="102" />
    <entry key="win.editor.thumb.default.fill.min" value="102" />
    <entry key="win.editor.thumb.default.fill.max" value="150" />
    <entry key="win.editor.thumb.darcula.fill.min" value="102" />
    <entry key="ide.tree.horizontal.default.autoscrolling" value="false" />
    <entry key="parameter.info.max.visible.rows" value="10" />
    <entry key="ide.win.file.chooser.native" value="true" />
    <entry key="performance.watcher.sampling.interval.ms" value="200" />
    <entry key="performance.watcher.unresponsive.interval.ms" value="1000" />
    <entry key="ide.borderless.title.project.path" value="false" />
    <entry key="ide.borderless.title.classpath" value="false" />
    <entry key="ide.borderless.title.product" value="false" />
    <entry key="ide.svg.icon" value="true" />
    <entry key="ide.win.frame.decoration" value="true" />
    <entry key="show.diff.preview.as.editor.tab" value="true" />
    <entry key="ide.tooltip.showAllSeverities" value="true" />
    <entry key="ide.balloon.shadow.size" value="0" />
    <entry key="ide.intellij.laf.enable.animation" value="true" />
  </component>
  <component name="StatusBar">
    <option name="widgets">
      <map>
        <entry key="DpaIcon" value="false" />
        <entry key="Encoding" value="false" />
        <entry key="LineSeparator" value="false" />
        <entry key="ReadOnlyAttribute" value="false" />
        <entry key="RoslynIcon" value="false" />
        <entry key="UnityStatusIcon" value="false" />
        <entry key="com.intellij.psi.codeStyle.statusbar.CodeStyleStatusBarWidget" value="false" />
      </map>
    </option>
  </component>
</application>