<application>
  <component name="DependencyUISettings">
    <option name="UI_FILTER_LEGALS" value="true" />
  </component>
  <component name="UISettings">
    <option name="ANIMATE_WINDOWS" value="false" />
    <option name="MARK_MODIFIED_TABS_WITH_ASTERISK" value="true" />
    <option name="MAX_LOOKUP_WIDTH2" value="1000" />
    <option name="OVERRIDE_NONIDEA_LAF_FONTS" value="true" />
    <option name="RIGHT_HORIZONTAL_SPLIT" value="true" />
    <option name="SHOW_EDITOR_TOOLTIP" value="false" />
    <option name="SHOW_ICONS_IN_MENUS" value="false" />
    <option name="SHOW_MAIN_MENU" value="false" />
    <option name="SHOW_MAIN_TOOLBAR" value="true" />
    <option name="SHOW_NAVIGATION_BAR" value="false" />
    <option name="SHOW_STATUS_BAR" value="false" />
    <option name="SHOW_TOOL_WINDOW_NUMBERS" value="false" />
    <option name="smoothScrolling" value="false" />
    <option name="WIDESCREEN_SUPPORT" value="true" />
  </component>
</application>